<?xml version="1.0" encoding="UTF-8"?>
<bica>
    <bice>
        <naziv>Veles</naziv>
        <drzava>Rusija</drzava>
        <bozanstvo>Podzemlje</bozanstvo>
        <opis>Slavenski bog podzemlja i stoke.</opis>
    </bice>
    <bice>
        <naziv>Perun</naziv>
        <drzava>Hrvatska</drzava>
        <bozanstvo>Grom</bozanstvo>
        <opis>Slavenski bog groma i munje.</opis>
    </bice>
    <bice>
        <naziv>Morana</naziv>
        <drzava>Poljska</drzava>
        <bozanstvo>Smrt</bozanstvo>
        <opis>Božica zime i smrti.</opis>
    </bice>
</bica>
